Id,Modelo,Version,Precio,Imagen
1,Civic,LX,22490,http://tse1.mm.bing.net/th?q=Honda%20Civic%20LX
2,Civic,EXT,24990,http://tse1.mm.bing.net/th?q=Honda%20Civic%20EXT%20Red
3,Civic,EXT-L,26990,http://tse1.mm.bing.net/th?q=%20Honda%20Civic%20EXT-L%20Black
4,Accord,EX-AT,27990,http://tse1.mm.bing.net/th?q=Honda%20Accord%20EX-AT
5,Accord,EXT-L,28990,http://tse1.mm.bing.net/th?q=Honda%20Accord%20EXT-L%20Green
6,Accord,V6,33990,http://tse1.mm.bing.net/th?q=Honda%20Accord%V6
7,WR-V,WR-V,16490,http://tse1.mm.bing.net/th?q=Honda%20WR-V%20WR-V
8,HR-V,LX MT,20490,http://tse1.mm.bing.net/th?q=Honda%20HR-V%20LX%20MT
9,HR-V,LX CVT,23490,http://tse1.mm.bing.net/th?q=Honda%20HR-V%20LX%CVT
10,HR-V,EX CVT,25990,http://tse1.mm.bing.net/th?q=Honda%20HR-V%20EX%CVT
11,CR-V,CR-V,27990,http://tse1.mm.bing.net/th?q=Honda%20CR-V%20CRV
12,Pilot,LX,35990,http://tse1.mm.bing.net/th?q=Honda%PILOT%20LX
13,Pilot,Sport,39990,http://tse1.mm.bing.net/th?q=Honda%PILOT%20SPORT
14,Pilot,EXL,49490,http://tse1.mm.bing.net/th?q=Honda%PILOT%20EXL
15,Ridgeline,Ridgeline,49990,http://tse1.mm.bing.net/th?q=Honda%RIDGELINE
16,Odyssey,Odyssey,52990,http://tse1.mm.bing.net/th?q=Honda%ODYSSEY
